{
  "train_loss": [
    2.113112986087799,
    1.3636622309684754,
    1.121866798400879,
    0.9842644353707631,
    0.8886309822400411,
    0.821359145641327,
    0.7672486404577891,
    0.7233978708585104,
    0.6934432784716288,
    0.6609925905863444,
    0.636963278055191,
    0.61575395266215,
    0.5936211625734965,
    0.5792483965555827,
    0.5673302114009857,
    0.5530856311321258,
    0.5405258586009344,
    0.5322662760814031,
    0.5238371948401134,
    0.5204273780186971,
    0.5116290261348089,
    0.5104006876548132,
    0.5061687747637431,
    0.5063628147045771,
    0.495699472228686,
    0.4978024353583654,
    0.49672920803229015,
    0.4943960269292196,
    0.4952565312385559,
    0.49604410529136655
  ],
  "val_loss": [
    1.530059231652154,
    1.2183583709928725,
    1.0680279003249273,
    0.9287381834454007,
    0.8493923213746812,
    0.7882561948564317,
    0.7548478444417318,
    0.7092001173231337,
    0.7044895754920112,
    0.6502585212389628,
    0.61807738410102,
    0.5994893113772074,
    0.5704459812906053,
    0.568489498562283,
    0.5630252824889289,
    0.5480421715312533,
    0.5374093817340003,
    0.5243762367301517,
    0.5173911684089236,
    0.5126844975683424,
    0.5110582278834449,
    0.5030479100015428,
    0.5035735070705414,
    0.5056113004684448,
    0.501316249370575,
    0.4965427451663547,
    0.49576083819071454,
    0.4903986089759403,
    0.49781065848138595,
    0.49010438720385235
  ],
  "val_miou": [
    0.27021815930493176,
    0.2913504410535097,
    0.32637693732976913,
    0.3694622168938319,
    0.37426883230606717,
    0.38045697162548703,
    0.38002890745701734,
    0.3908685723290546,
    0.39408404457693297,
    0.425403897970682,
    0.43406886778150994,
    0.44401136215310544,
    0.4525299295006941,
    0.4555174078947554,
    0.4554888550386143,
    0.46328306580350426,
    0.46437643685688573,
    0.4674064942325155,
    0.46962931752204895,
    0.47274647528926533,
    0.475896624903271,
    0.47498455213068763,
    0.47746738528561156,
    0.47799532208258216,
    0.4785656645787337,
    0.4790206536984745,
    0.4805033414437882,
    0.4794637284809748,
    0.4809514465693307,
    0.48063457679457616
  ],
  "val_pa": [
    0.7662736773490906,
    0.7914230227470398,
    0.8224141597747803,
    0.8642750978469849,
    0.8677623867988586,
    0.8756551146507263,
    0.8755664825439453,
    0.8824803829193115,
    0.8802391290664673,
    0.8932598233222961,
    0.8984816670417786,
    0.8982077836990356,
    0.9035882949829102,
    0.900910496711731,
    0.9011777639389038,
    0.9041393995285034,
    0.9041697978973389,
    0.9059034585952759,
    0.9070745706558228,
    0.9066030979156494,
    0.9073901176452637,
    0.9077406525611877,
    0.9078814387321472,
    0.9060630202293396,
    0.9077945351600647,
    0.9082258939743042,
    0.9081448316574097,
    0.909050703048706,
    0.9080100059509277,
    0.909077525138855
  ],
  "val_bf1": [
    0.20151499894749555,
    0.23778267151876542,
    0.22495349420844427,
    0.2573271262626542,
    0.2860955669040255,
    0.2970277664546699,
    0.3096614062022661,
    0.3230095017911623,
    0.3094156934461117,
    0.3220048373679954,
    0.31782441304732634,
    0.3074639503018971,
    0.31018355858493585,
    0.319099493545493,
    0.2985278867755226,
    0.30955087954350435,
    0.29646928229622665,
    0.29233713157327273,
    0.28551791394803444,
    0.2796326271873572,
    0.2757794050572161,
    0.2666978194104138,
    0.27529687298777766,
    0.2591130928778595,
    0.2621971291794571,
    0.24646118632789338,
    0.25267970892789293,
    0.2406854238193859,
    0.25869906936314824,
    0.238630466099818
  ]
}