{
  "train_loss": [
    1.7183478991190593,
    1.0195619245370229,
    0.8137696921825409,
    0.6910358885924022,
    0.6118258436520895,
    0.5525150467952092,
    0.5115481823682785,
    0.47090252935886384,
    0.4441436409950256,
    0.42156305313110354,
    0.3990633358558019,
    0.38523446917533877,
    0.37066865265369414,
    0.35874849955240884,
    0.3536413590113322,
    0.3394191304842631,
    0.326712237795194,
    0.32379579146703086,
    0.31819711526234945,
    0.3147856374581655,
    0.309097354610761,
    0.30730730295181274,
    0.3072890708843867,
    0.3036979019641876,
    0.2988771359125773,
    0.2979227895538012,
    0.2994077155987422,
    0.2977038065592448,
    0.2983066479365031,
    0.29801577726999917
  ],
  "val_loss": [
    1.2167350583606296,
    0.9184617267714607,
    0.8020292123158773,
    0.6910653776592679,
    0.6343200869030423,
    0.5779939393202463,
    0.5234654678238763,
    0.4806451035870446,
    0.4735221001836989,
    0.43196529150009155,
    0.41191668642891777,
    0.3821522957748837,
    0.36623436874813503,
    0.3606526984108819,
    0.36177820960680646,
    0.3394790258672502,
    0.3331213030550215,
    0.33230772614479065,
    0.32360241810480755,
    0.31985650459925336,
    0.3183002207014296,
    0.30988771054479813,
    0.3110249754455354,
    0.31196875704659355,
    0.30823782417509293,
    0.3077675882312987,
    0.3060385700729158,
    0.3016706026262707,
    0.3061547643608517,
    0.3011261009507709
  ],
  "val_miou": [
    0.27170753890338045,
    0.2920375168323517,
    0.3261648068825404,
    0.3595661049087842,
    0.3635936478773753,
    0.3673739636869489,
    0.3772840571764391,
    0.39113805947514874,
    0.399307845174917,
    0.43269002245991334,
    0.4435628663244036,
    0.45546215873279533,
    0.45919379256277654,
    0.464151901154158,
    0.46214806343778037,
    0.47367027095363784,
    0.47542257752502337,
    0.4764859194789703,
    0.4794064191713308,
    0.48171792458742857,
    0.4860376537544653,
    0.48648520291317254,
    0.48809482203796506,
    0.48891048909475404,
    0.4897375522026171,
    0.49018829587536555,
    0.4916666637485226,
    0.49085280306947726,
    0.492545796946312,
    0.49186183356990415
  ],
  "val_pa": [
    0.7680374979972839,
    0.7937891483306885,
    0.8231004476547241,
    0.8558319807052612,
    0.8589484095573425,
    0.8646054267883301,
    0.8745757937431335,
    0.8812077641487122,
    0.8808181285858154,
    0.8929808735847473,
    0.8980288505554199,
    0.9025519490242004,
    0.9042730331420898,
    0.902227520942688,
    0.9011473655700684,
    0.9062029123306274,
    0.9071069955825806,
    0.9054833054542542,
    0.9074108004570007,
    0.9066611528396606,
    0.9076870679855347,
    0.9090893268585205,
    0.9082491397857666,
    0.9070991277694702,
    0.9088415503501892,
    0.9088141918182373,
    0.9089854955673218,
    0.910126805305481,
    0.9091488122940063,
    0.9102633595466614
  ],
  "val_bf1": [
    0.13409825752545945,
    0.12514490890257618,
    0.12518257131347246,
    0.1210509337210127,
    0.1337876028250815,
    0.14441758213376163,
    0.13239467001654318,
    0.13892195125957812,
    0.14539788783989402,
    0.13902084881042384,
    0.13711037378025281,
    0.1498138395084456,
    0.15218486299169112,
    0.13891997002418785,
    0.15667238966453684,
    0.15184601291572175,
    0.15539166405964921,
    0.1554718000104107,
    0.15215586110105492,
    0.15375732650555343,
    0.15400460340288216,
    0.15344844984670275,
    0.15598746146816975,
    0.15529986651908584,
    0.15465986343146376,
    0.15273326416462643,
    0.15295334706291164,
    0.15200290338541236,
    0.15372554934522326,
    0.15354293927243715
  ]
}