{
  "train_loss": [
    1.7217737237612407,
    1.0200787405172984,
    0.806192151705424,
    0.6890652020772298,
    0.6087745447953542,
    0.5493215948343277,
    0.498825666308403,
    0.45998386840025585,
    0.43366365830103554,
    0.4129761219024658,
    0.3900821695725123,
    0.3725763738155365,
    0.3601025541623433,
    0.34260253310203553,
    0.33149158557256064,
    0.3155583679676056,
    0.3067309449116389,
    0.29825619558493294,
    0.2917992353439331,
    0.2898106172680855,
    0.278818849225839,
    0.2753733937939008,
    0.2697464535633723,
    0.264271879196167,
    0.26028084407250085,
    0.2547983080148697,
    0.2524031882484754,
    0.24870967169602712,
    0.24488415817419687,
    0.24271611521641415,
    0.24153889566659928,
    0.24040128340323766,
    0.2362457017103831,
    0.23598770052194595,
    0.2333459362387657,
    0.23255332658688227,
    0.23173310806353886,
    0.2303522437810898,
    0.22794651438792546,
    0.22715089271465938,
    0.22696846673885981,
    0.22615435769160588,
    0.22817407896121342,
    0.2282371188203494,
    0.22418711533149083,
    0.22422004193067552,
    0.22155416856209437,
    0.22536242206891377,
    0.22594072818756103,
    0.22286801834901174
  ],
  "val_loss": [
    1.3426099883185492,
    0.8541261222627428,
    0.7631639639536539,
    0.6431090964211358,
    0.6149829592969682,
    0.5461669067541758,
    0.4944687353240119,
    0.4632943636841244,
    0.44778469536039567,
    0.40858813789155746,
    0.3824860221809811,
    0.3669677840338813,
    0.36224791407585144,
    0.3307415147622426,
    0.32913466294606525,
    0.31886250111791825,
    0.3121648778518041,
    0.29582272304428947,
    0.29072484208477867,
    0.2768307824929555,
    0.28737589551342857,
    0.2766379664341609,
    0.26495439807573956,
    0.2549208303292592,
    0.2567753361331092,
    0.25498022304640877,
    0.2531766775581572,
    0.24558212359746298,
    0.24234245386388567,
    0.2426938513914744,
    0.23893094890647465,
    0.2323990050289366,
    0.23267501758204567,
    0.2322032865550783,
    0.23792353438006508,
    0.2315043310324351,
    0.23178928428226048,
    0.2314179821146859,
    0.23049063815010917,
    0.22806841797298855,
    0.2273618761036131,
    0.2266500923368666,
    0.22750002808041042,
    0.22706353333261278,
    0.22831806043783823,
    0.22617490755187142,
    0.22726941108703613,
    0.22715344197220272,
    0.22614993982844883,
    0.22637858159012264
  ],
  "val_miou": [
    0.2705364170251414,
    0.29970162858565647,
    0.32973214983940125,
    0.37263287603855133,
    0.36104150613149005,
    0.37606727959056724,
    0.3843942514116255,
    0.39459815517329844,
    0.4166481009791217,
    0.4366593135879763,
    0.4510614165337756,
    0.4561058270240513,
    0.4624288083675007,
    0.47078655801791075,
    0.4790159216305862,
    0.48630737559869885,
    0.48696445984145004,
    0.5009662083660563,
    0.5019552391022444,
    0.5069928131997585,
    0.5091637475182628,
    0.520169473222874,
    0.5240686983373356,
    0.539111859058418,
    0.5406996594974771,
    0.5436305334054244,
    0.5489098960533738,
    0.5506153657333925,
    0.5537023461268594,
    0.5568746162268022,
    0.5615311874231944,
    0.5602275955801209,
    0.5656562068033963,
    0.5660213558003306,
    0.5683192382566631,
    0.5699804555624723,
    0.5715835131704807,
    0.5712833140666286,
    0.57367575308308,
    0.5744348587468266,
    0.574743143748492,
    0.5738179638671378,
    0.575369142772009,
    0.5753774596378207,
    0.5757342549040914,
    0.5761834845567743,
    0.5747645556305846,
    0.5760374252373973,
    0.5758717510228356,
    0.5761023222779235
  ],
  "val_pa": [
    0.7673248648643494,
    0.80389004945755,
    0.8291205763816833,
    0.8708837032318115,
    0.858260452747345,
    0.8739088773727417,
    0.8797590136528015,
    0.8832236528396606,
    0.8883804678916931,
    0.8966702818870544,
    0.9027475714683533,
    0.9012569189071655,
    0.9016883969306946,
    0.9072984457015991,
    0.9059860110282898,
    0.9074526429176331,
    0.9072386622428894,
    0.911207377910614,
    0.9116060733795166,
    0.9145892858505249,
    0.9107339978218079,
    0.9143345355987549,
    0.9162288904190063,
    0.921166181564331,
    0.9210931658744812,
    0.9208069443702698,
    0.9215026497840881,
    0.9227219820022583,
    0.9240033626556396,
    0.9241732954978943,
    0.9251583218574524,
    0.9265201091766357,
    0.9270616173744202,
    0.9271135926246643,
    0.925315797328949,
    0.9270082116127014,
    0.9268114566802979,
    0.9271789193153381,
    0.9276295900344849,
    0.9280240535736084,
    0.9282956719398499,
    0.9283410906791687,
    0.9284677505493164,
    0.9282630085945129,
    0.9277873635292053,
    0.9284750819206238,
    0.9279466867446899,
    0.9280704259872437,
    0.9285663962364197,
    0.928560733795166
  ],
  "val_bf1": [
    0.0,
    0.0,
    0.0,
    0.0,
    0.0,
    0.0,
    0.0,
    0.0,
    0.0,
    0.0,
    0.0,
    0.0,
    0.0,
    0.0,
    0.0,
    0.0,
    0.0,
    0.0,
    0.0,
    0.0,
    0.0,
    0.0,
    0.0,
    0.0,
    0.0,
    0.0,
    0.0,
    0.0,
    0.0,
    0.0,
    0.0,
    0.0,
    0.0,
    0.0,
    0.0,
    0.0,
    0.0,
    0.0,
    0.0,
    0.0,
    0.0,
    0.0,
    0.0,
    0.0,
    0.0,
    0.0,
    0.0,
    0.0,
    0.0,
    0.0
  ]
}