{
  "train_loss": [
    1.8467719078063964,
    1.1343419909477235,
    0.9209694067637125,
    0.7928436577320099,
    0.7043592194716136,
    0.6472604274749756,
    0.5978630522886912,
    0.5555932561556498,
    0.5261150320370992,
    0.49923751056194304,
    0.47953276336193085,
    0.4617375940084457,
    0.44362180928389233,
    0.4307411233584086,
    0.4223790913820267,
    0.4101415783166885,
    0.40025518635908763,
    0.39320922692616783,
    0.3886091460784276,
    0.3830421725908915,
    0.3761223574479421,
    0.37589385112126666,
    0.373053906361262,
    0.3718773384888967,
    0.36426854828993477,
    0.365790519118309,
    0.3640665183464686,
    0.36464268068472544,
    0.36319678922494253,
    0.3647272169589996
  ],
  "val_loss": [
    1.3167264064153035,
    1.0225590798589919,
    0.8875102268324958,
    0.7649282945526971,
    0.678706599606408,
    0.6301641331778632,
    0.5987464653121101,
    0.5638060801559024,
    0.5530867808394961,
    0.49989204274283516,
    0.4821830855475532,
    0.45302747355567086,
    0.43660740388764274,
    0.4340379171901279,
    0.4275592333740658,
    0.4195256166987949,
    0.4129008220301734,
    0.39695746037695145,
    0.3918263349268172,
    0.3862023651599884,
    0.3831974400414361,
    0.3781176275677151,
    0.37702832288212246,
    0.37758340769343907,
    0.37339817815356785,
    0.37053607569800484,
    0.3692752718925476,
    0.3658321168687608,
    0.37095535463756985,
    0.36440857582622105
  ],
  "val_miou": [
    0.2695633793870608,
    0.28890948618451756,
    0.3264443725347519,
    0.3670610065261523,
    0.3766998474796613,
    0.37742821872234344,
    0.37943467124568997,
    0.38936737151622464,
    0.3985731994713812,
    0.4345454667636659,
    0.44276140121898305,
    0.4527003735917485,
    0.46091707710487145,
    0.46340437353743863,
    0.46202054074577364,
    0.4687953621323686,
    0.47312475678821403,
    0.47799690236570314,
    0.4766480933564405,
    0.48226278989265364,
    0.48510651767719537,
    0.484974504293253,
    0.4886976005509496,
    0.4885392472303162,
    0.48954966190891963,
    0.4900581115701546,
    0.491702295995007,
    0.4905635368389388,
    0.4917549601911257,
    0.4914534905304511
  ],
  "val_pa": [
    0.7657532095909119,
    0.789262056350708,
    0.8238456845283508,
    0.8634151220321655,
    0.8733187913894653,
    0.8749755620956421,
    0.8755358457565308,
    0.8805411458015442,
    0.8782266974449158,
    0.8960030674934387,
    0.8980424404144287,
    0.901364803314209,
    0.9045281410217285,
    0.9021568298339844,
    0.9017035365104675,
    0.9025875926017761,
    0.9035752415657043,
    0.9058969020843506,
    0.9059951305389404,
    0.9072751998901367,
    0.9072580933570862,
    0.9077447652816772,
    0.9075641632080078,
    0.9064775109291077,
    0.908572256565094,
    0.9094020128250122,
    0.9092113971710205,
    0.9100978374481201,
    0.9088629484176636,
    0.9100427031517029
  ],
  "val_bf1": [
    0.16297537647387866,
    0.25172229955784725,
    0.23207075307151492,
    0.2305148246773271,
    0.26801673074309557,
    0.263174053948683,
    0.2704678741197876,
    0.28640454869583104,
    0.2779848603183537,
    0.2981338057476851,
    0.29801211451125226,
    0.2906198167726548,
    0.29831985099478536,
    0.28765057525155985,
    0.27897910245641905,
    0.2869384478441833,
    0.2672457236807696,
    0.27071446012480854,
    0.24934756620603984,
    0.26752046859826945,
    0.26402898255180896,
    0.26194201799309724,
    0.26266943984420427,
    0.25547300173884496,
    0.25914096853124347,
    0.2526624540236716,
    0.25316407988745315,
    0.24761605828153097,
    0.2573003751141463,
    0.24616847818877854
  ]
}