{
  "train_loss": [
    1.9829532106717427,
    1.2518601854642233,
    1.02394526998202,
    0.8883824209372203,
    0.7972784439722697,
    0.7311163206895193,
    0.6803911944230397,
    0.6336907068888347,
    0.6018853306770324,
    0.5722228328386942,
    0.5452302833398183,
    0.5225549310445785,
    0.5030445714791616,
    0.48707469801108044,
    0.4725407034158707,
    0.45842800637086234,
    0.4420791447162628,
    0.43338004251321155,
    0.4235119084517161,
    0.41605567932128906,
    0.407163080573082,
    0.400368857383728,
    0.3951111594835917,
    0.38782200316588084,
    0.37829199333985647,
    0.3733245720465978,
    0.36985162595907844,
    0.3666741798321406,
    0.3612756391366323,
    0.35890832245349885,
    0.35478099087874093,
    0.3517646938562393,
    0.3527807205915451,
    0.3491893082857132,
    0.34858266413211825,
    0.3431926409403483,
    0.3439627726872762,
    0.3415534694989522,
    0.34139812787373863,
    0.3379356513420741,
    0.33951072295506796,
    0.33658631245295206,
    0.33578437666098276,
    0.33773668507734933,
    0.3359572947025299,
    0.334787721435229,
    0.3336876004934311,
    0.3375739892323812,
    0.33580791056156156,
    0.3362824002901713
  ],
  "val_loss": [
    1.4219612545437283,
    1.1146333482530382,
    0.9775907529724969,
    0.8342935509151883,
    0.760174016157786,
    0.7087083657582601,
    0.6639762189653184,
    0.6267372369766235,
    0.6099996235635545,
    0.5578647255897522,
    0.5338394575648837,
    0.5032542016771104,
    0.4871237013075087,
    0.4779102106889089,
    0.46363194783528644,
    0.4500785801145766,
    0.4418660038047367,
    0.4277809460957845,
    0.4156718717681037,
    0.41293855839305454,
    0.40556807650460136,
    0.3881188796626197,
    0.3852186335457696,
    0.383877264128791,
    0.3759310444196065,
    0.36755215790536666,
    0.3648681938648224,
    0.3569232192304399,
    0.3531677524248759,
    0.3516407509644826,
    0.3525913854440053,
    0.34939054316944546,
    0.34860920243793064,
    0.3411315315299564,
    0.3454198208120134,
    0.33943285875850254,
    0.3370023336675432,
    0.3361206286483341,
    0.33525408307711285,
    0.33442677391899955,
    0.33025297191407943,
    0.32993878258599174,
    0.3277055588033464,
    0.33220385842853123,
    0.3284638788965013,
    0.32985853486590916,
    0.32725151379903156,
    0.32879505554835003,
    0.32854806383450824,
    0.32763634787665474
  ],
  "val_miou": [
    0.26867035725930083,
    0.2910052128136158,
    0.3252447272340457,
    0.3678344860672951,
    0.3747691462437312,
    0.3768705536657535,
    0.3813749817339461,
    0.39170203873497184,
    0.40747628338673775,
    0.4406551392619349,
    0.4484786932395461,
    0.45905931922607124,
    0.46548382668061095,
    0.47114978449099,
    0.4720074797478446,
    0.48161029039571684,
    0.48111619517051923,
    0.49007821509925026,
    0.492171975163122,
    0.49882768098420155,
    0.5041806170096,
    0.5051328887542089,
    0.5113330185413361,
    0.5126680599948182,
    0.5170227952997569,
    0.523716480548804,
    0.5272342050011503,
    0.5276883217641929,
    0.5312249921553303,
    0.5387678883659343,
    0.5394625818395676,
    0.5440586324160298,
    0.545750062369431,
    0.5484673175960779,
    0.5529191329454383,
    0.551858802131998,
    0.5563008282721663,
    0.55817581852898,
    0.5577914309687912,
    0.5592428179613004,
    0.563937964849174,
    0.5633992562846591,
    0.5604707756234953,
    0.5635421578772366,
    0.5613948539830744,
    0.563484652666375,
    0.5630378120889267,
    0.5619074464775622,
    0.5625929289186994,
    0.5648013844620436
  ],
  "val_pa": [
    0.763740599155426,
    0.7930710315704346,
    0.8219205737113953,
    0.8650374412536621,
    0.8703855276107788,
    0.8741031289100647,
    0.8766129016876221,
    0.8807652592658997,
    0.884902834892273,
    0.897468090057373,
    0.9016345143318176,
    0.9040670990943909,
    0.9056159257888794,
    0.9047396183013916,
    0.9063170552253723,
    0.9072323441505432,
    0.9066697359085083,
    0.9077754616737366,
    0.9098214507102966,
    0.9086183309555054,
    0.9104719758033752,
    0.9136921167373657,
    0.9133089780807495,
    0.911895751953125,
    0.9152722954750061,
    0.9172307848930359,
    0.9176799654960632,
    0.9183588027954102,
    0.9194663763046265,
    0.920035183429718,
    0.9197616577148438,
    0.9205335378646851,
    0.9212217926979065,
    0.9228784441947937,
    0.9222507476806641,
    0.9227410554885864,
    0.9239698052406311,
    0.9250048995018005,
    0.9246082901954651,
    0.9250290989875793,
    0.9264995455741882,
    0.9264937043190002,
    0.9259189963340759,
    0.9256749749183655,
    0.9261693954467773,
    0.9261980056762695,
    0.926667332649231,
    0.925736665725708,
    0.9261444211006165,
    0.9267057776451111
  ],
  "val_bf1": [
    0.1800946138440144,
    0.24560578276415831,
    0.22522248695429722,
    0.23303612976554464,
    0.26091719359490884,
    0.2643721167431199,
    0.28272896882524967,
    0.2855522359788542,
    0.2892036262661133,
    0.3012577346202853,
    0.2966888083021025,
    0.28787486047411326,
    0.30118740643278324,
    0.29727913057475863,
    0.2725649164012667,
    0.2896809781381194,
    0.2669261444967166,
    0.2647860984380197,
    0.2632249804377763,
    0.2696021413630714,
    0.24157526824575865,
    0.23828850796619255,
    0.2405958421780614,
    0.23527092323230556,
    0.23803669703689237,
    0.23099223534768143,
    0.2196355955914682,
    0.2057166477627866,
    0.22128173111131264,
    0.2077293020034514,
    0.21757705432542432,
    0.21745656397134228,
    0.22034277412429085,
    0.20065996832906435,
    0.20404143244482473,
    0.19855344696154562,
    0.2102739544609499,
    0.20871721063049242,
    0.2029455752997541,
    0.21408623783140293,
    0.19917505858047047,
    0.2008966466464643,
    0.18305181298603954,
    0.2155179572274265,
    0.18628978111991407,
    0.20309835917961885,
    0.19489368399144855,
    0.2025281748527335,
    0.19917870331040907,
    0.1910308237606678
  ]
}