method,best_epoch,mIoU,PA,BoundaryF1,FPS
UNetSmall,20,0.2740923762321472,0.8634241011129117,0.5498463826111676,311.59091855120425
TinySegFormer,20,0.25048401951789856,0.8300408138055013,0.4629701793923605,189.52078357896949
TinySegFormer_Boundary,19,0.26303839683532715,0.8534148850923147,0.4681354494519967,204.85437098405606
